Area,Historical_eligible_observations,Historical_shortage_events,Historical_commodities_assessed,Historical_outcome_years_assessed,First_outcome_year,Last_outcome_year,Historical_event_rate,Historical_rate_lower_bound,Historical_rate_upper_bound,Historical_eligibility_share,Recent_eligible_observations,Recent_shortage_events,Recent_commodities_assessed,Recent_outcome_years_assessed,Recent_event_rate,Recent_rate_lower_bound,Recent_rate_upper_bound,Recent_eligibility_share,Eligible_commodity_pairs,Commodities_with_shortages,Commodities_with_recurrent_shortages,Maximum_events_in_one_commodity,Historical_shortage_breadth_rate,Most_recent_shortage_year,Years_from_last_event_to_2023,Forward_scored_commodities,Forward_watch_or_higher,Forward_formal_warnings,Forward_high_warnings,Forward_average_probability,Forward_maximum_probability,Forward_warning_share,Forward_watch_share,Historical_burden_rank,Recent_burden_rank,Forward_screening_priority_rank,Historical_raw_rate_rank,Recent_raw_rate_rank,Forward_peak_risk_rank,Forward_warning_share_rank,Historical_rank_adjustment_for_denominator,Recent_rank_adjustment_for_denominator
Algeria,40,0,4,13,2011,2023,0.0,0.0,0.08762160119728664,0.38461538461538464,15,0,3,5,0.0,0.0,0.20388330103584862,0.375,4,0,0,0,0.0,,,3,3,1,0,0.09838333333333334,0.171652380952381,0.3333333333333333,1.0,43,41,24,43,41,30,16,0,0
Angola,77,3,6,13,2011,2023,0.03896103896103896,0.013337950040590962,0.10839981872632877,0.7403846153846154,30,1,6,5,0.03333333333333333,0.005908590381612455,0.16670390991409173,0.75,6,3,0,1,0.5,2019.0,4.0,6,3,1,0,0.0775461159211159,0.2385874458874458,0.16666666666666666,0.5,34,37,32,34,37,20,32,0,0
Botswana,73,8,6,13,2011,2023,0.1095890410958904,0.05658671784680623,0.20162621987205226,0.7019230769230769,27,3,6,5,0.1111111111111111,0.038520348283098374,0.2805780081827982,0.675,6,3,2,5,0.5,2023.0,0.0,5,2,1,0,0.09615077367077365,0.26433539793539784,0.2,0.4,16,22,27,16,21,14,26,0,1
Burkina Faso,87,9,7,13,2011,2023,0.10344827586206896,0.05538511033788457,0.18504980896262468,0.8365384615384616,32,4,7,5,0.125,0.04970134387480073,0.2806830548165022,0.8,7,6,2,3,0.8571428571428571,2021.0,2.0,6,4,1,0,0.0788777565027565,0.21739559884559884,0.16666666666666666,0.6666666666666666,17,15,31,18,15,25,32,-1,0
Cabo Verde,64,7,5,13,2011,2023,0.109375,0.05400113344416797,0.20898641326896122,0.6153846153846154,25,2,5,5,0.08,0.022220401284847563,0.24966108950395313,0.625,5,3,2,3,0.6,2019.0,4.0,5,2,0,0,0.05236344322344322,0.11871111111111114,0.0,0.4,18,28,39,17,27,39,37,1,1
Cameroon,104,3,8,13,2011,2023,0.028846153846153848,0.009858182902777006,0.08140040102511037,1.0,40,2,8,5,0.05,0.013820667386148344,0.16503877369140962,1.0,8,1,1,3,0.125,2022.0,1.0,8,2,0,0,0.04403593975468975,0.10155555555555557,0.0,0.25,37,31,42,38,33,41,37,-1,-2
Comoros,78,2,6,13,2011,2023,0.02564102564102564,0.007060093472759203,0.08875270035675845,0.75,30,2,6,5,0.06666666666666667,0.018477023791270378,0.2132345836261692,0.75,6,2,0,1,0.3333333333333333,2021.0,2.0,6,5,2,0,0.10175349927849926,0.16704603174603164,0.3333333333333333,0.8333333333333334,40,30,22,40,30,32,16,0,0
Congo,78,5,6,13,2011,2023,0.0641025641025641,0.027689315373790935,0.14143595463171177,0.75,30,1,6,5,0.03333333333333333,0.005908590381612455,0.16670390991409173,0.75,6,2,2,3,0.3333333333333333,2021.0,2.0,6,2,2,1,0.1398621212121212,0.619498629148629,0.3333333333333333,0.3333333333333333,31,37,9,32,37,1,16,-1,0
Côte d'Ivoire,104,3,8,13,2011,2023,0.028846153846153848,0.009858182902777006,0.08140040102511037,1.0,40,2,8,5,0.05,0.013820667386148344,0.16503877369140962,1.0,8,2,1,2,0.25,2023.0,0.0,8,3,1,0,0.05785749458874456,0.21963275613275593,0.125,0.375,37,31,36,38,33,23,36,-1,-2
Democratic Republic of the Congo,65,5,5,13,2011,2023,0.07692307692307693,0.03330350149516352,0.1677593327011,0.625,25,3,5,5,0.12,0.04166817150440358,0.2995579392092732,0.625,5,2,1,4,0.4,2023.0,0.0,5,3,2,0,0.10700046176046177,0.20995158730158725,0.4,0.6,26,18,20,23,16,26,13,3,2
Djibouti,45,6,5,13,2011,2023,0.13333333333333333,0.06257148747568075,0.2617730182617707,0.4326923076923077,18,4,5,5,0.2222222222222222,0.09000928108601694,0.45214584316212625,0.45,5,3,2,3,0.6,2022.0,1.0,5,3,1,0,0.10914549339549337,0.2715001942501942,0.2,0.6,15,5,17,13,4,12,26,2,1
Egypt,65,5,5,13,2011,2023,0.07692307692307693,0.03330350149516352,0.1677593327011,0.625,25,3,5,5,0.12,0.04166817150440358,0.2995579392092732,0.625,5,2,2,3,0.4,2023.0,0.0,5,3,1,0,0.08480480519480521,0.1685497113997114,0.2,0.6,26,18,28,23,16,31,26,3,2
Eswatini,65,10,5,13,2011,2023,0.15384615384615385,0.08577094066988503,0.26055319639978514,0.625,25,2,5,5,0.08,0.022220401284847563,0.24966108950395313,0.625,5,4,3,4,0.8,2022.0,1.0,5,4,2,0,0.11377839826839828,0.24105815295815303,0.4,0.8,11,28,14,9,27,18,13,2,1
Ethiopia,80,4,7,13,2011,2023,0.05,0.01961355453554428,0.1216227620464301,0.7692307692307693,29,3,6,5,0.10344827586206896,0.03581489135067707,0.26385081090773804,0.725,7,3,1,2,0.42857142857142855,2021.0,2.0,6,4,0,0,0.07073429533429534,0.12600923520923527,0.0,0.6666666666666666,33,23,34,33,22,38,37,0,1
Gabon,78,2,6,13,2011,2023,0.02564102564102564,0.007060093472759203,0.08875270035675845,0.75,30,1,6,5,0.03333333333333333,0.005908590381612455,0.16670390991409173,0.75,6,1,1,2,0.16666666666666666,2021.0,2.0,6,2,1,0,0.05224366281866281,0.15850324675324673,0.16666666666666666,0.3333333333333333,40,37,40,40,37,34,32,0,0
Gambia,91,18,7,13,2011,2023,0.1978021978021978,0.12894460057000096,0.29114023696943214,0.875,35,5,7,5,0.14285714285714285,0.06260231079433715,0.29375554086595146,0.875,7,5,4,5,0.7142857142857143,2023.0,0.0,7,4,3,2,0.14844538239538244,0.359653174603175,0.42857142857142855,0.5714285714285714,3,11,7,4,12,8,9,-1,-1
Ghana,104,8,8,13,2011,2023,0.07692307692307693,0.03949175369105489,0.14449554616255827,1.0,40,4,8,5,0.1,0.03957952868260638,0.23051775227522298,1.0,8,4,3,3,0.5,2023.0,0.0,8,4,2,0,0.0977908288606818,0.2705971936560172,0.25,0.5,23,21,26,23,23,13,23,0,-2
Guinea,91,3,7,13,2011,2023,0.03296703296703297,0.011274406767682599,0.0924930694296231,0.875,35,1,7,5,0.02857142857142857,0.005061491855444203,0.14533087233613673,0.875,7,2,1,2,0.2857142857142857,2020.0,3.0,7,3,1,0,0.053815240711669286,0.1528498737373738,0.14285714285714285,0.42857142857142855,35,40,38,37,40,35,35,-2,0
Guinea-Bissau,91,8,7,13,2011,2023,0.08791208791208792,0.045220207808304075,0.16398638883637745,0.875,35,3,7,5,0.08571428571428572,0.02958236826696982,0.22379273965896496,0.875,7,6,2,2,0.8571428571428571,2023.0,0.0,7,5,2,1,0.1346943195693196,0.41324023754023764,0.2857142857142857,0.7142857142857143,21,24,11,22,24,5,21,-1,0
Kenya,90,13,7,13,2011,2023,0.14444444444444443,0.08639988786660784,0.23159877920135785,0.8653846153846154,35,4,7,5,0.11428571428571428,0.04535179333097357,0.2595146864621381,0.875,7,6,6,3,0.8571428571428571,2022.0,1.0,7,5,3,0,0.10808019599448174,0.19042222222222235,0.42857142857142855,0.7142857142857143,10,17,18,11,20,29,9,-1,-3
Lesotho,57,12,5,13,2011,2023,0.21052631578947367,0.12474548303034583,0.33286121083190506,0.5480769230769231,24,4,5,5,0.16666666666666666,0.06678676328632951,0.3585307064969906,0.6,5,3,3,6,0.6,2022.0,1.0,4,3,3,1,0.18343135475635475,0.3235256632256632,0.75,0.75,4,9,4,3,7,9,1,1,2
Liberia,67,6,6,13,2011,2023,0.08955223880597014,0.04169095063798864,0.18192752199666207,0.6442307692307693,25,4,5,5,0.16,0.0640345145667644,0.3465362160717886,0.625,6,1,1,6,0.16666666666666666,2023.0,0.0,5,1,1,1,0.08426380952380955,0.3636912698412699,0.2,0.2,22,10,30,21,9,7,26,1,1
Libya,52,4,4,13,2011,2023,0.07692307692307693,0.030319345184930124,0.1817356238429534,0.5,20,3,4,5,0.15,0.052368745896216595,0.36041886474075696,0.5,4,3,1,2,0.75,2023.0,0.0,4,4,3,0,0.16851080447330452,0.21932366522366536,0.75,1.0,29,14,6,23,11,24,1,6,3
Madagascar,52,2,4,13,2011,2023,0.038461538461538464,0.010611711001315298,0.12981189157455764,0.5,20,0,4,5,0.0,0.0,0.16112515805281938,0.5,4,2,0,1,0.5,2018.0,5.0,4,1,0,0,0.03702871295371295,0.05881045066045064,0.0,0.25,36,41,43,35,41,43,37,1,0
Malawi,83,16,7,13,2011,2023,0.1927710843373494,0.12228902945885581,0.2904338716464535,0.7980769230769231,32,5,7,5,0.15625,0.0686442028250571,0.3175414959753039,0.8,7,5,4,7,0.7142857142857143,2022.0,1.0,7,6,4,2,0.24490080820206866,0.6106484126984126,0.5714285714285714,0.8571428571428571,5,8,1,6,10,2,5,-1,-2
Mauritania,56,11,5,13,2011,2023,0.19642857142857142,0.11338595674323658,0.31844607626458404,0.5384615384615384,21,5,5,5,0.23809523809523808,0.10628013022636468,0.4509117368295075,0.525,5,3,2,6,0.6,2023.0,0.0,5,3,2,0,0.11302453102453103,0.24293961038961043,0.4,0.6,6,3,15,5,3,17,13,1,0
Mauritius,52,4,4,13,2011,2023,0.07692307692307693,0.030319345184930124,0.1817356238429534,0.5,20,1,4,5,0.05,0.008881448800795402,0.23613119344674205,0.5,4,2,1,3,0.5,2021.0,2.0,4,3,2,1,0.1756235610880348,0.4445310522810525,0.5,0.75,29,35,5,23,33,4,8,6,2
Morocco,39,3,3,13,2011,2023,0.07692307692307693,0.02650739530377974,0.20321071167954996,0.375,15,1,3,5,0.06666666666666667,0.011866895493268553,0.2981652987378003,0.375,3,2,1,2,0.6666666666666666,2021.0,2.0,3,1,0,0,0.04713934583934584,0.10787041847041848,0.0,0.3333333333333333,32,33,41,23,30,40,37,9,3
Mozambique,89,11,7,13,2011,2023,0.12359550561797752,0.07043517008332338,0.20790447633048464,0.8557692307692307,34,4,7,5,0.11764705882352941,0.04671446664882335,0.26620842770371833,0.85,7,6,5,2,0.8571428571428571,2023.0,0.0,5,3,0,0,0.0710863258963259,0.12761277056277054,0.0,0.6,13,16,33,14,18,37,37,-1,-2
Namibia,76,7,6,13,2011,2023,0.09210526315789473,0.04533400406377608,0.17812707848936227,0.7307692307692307,30,5,6,5,0.16666666666666666,0.0733654237184855,0.3356435050641603,0.75,6,4,2,3,0.6666666666666666,2023.0,0.0,6,4,2,0,0.11042469937469936,0.2529823953823953,0.3333333333333333,0.6666666666666666,20,6,16,20,7,15,16,0,-1
Niger,91,21,7,13,2011,2023,0.23076923076923078,0.15618159827228145,0.3271667115355772,0.875,35,10,7,5,0.2857142857142857,0.16326536236434688,0.45054934863182616,0.875,7,7,6,5,1.0,2023.0,0.0,7,7,3,0,0.1367984919842063,0.19339319569319566,0.42857142857142855,1.0,2,2,10,2,2,28,9,0,0
Nigeria,104,8,8,13,2011,2023,0.07692307692307693,0.03949175369105489,0.14449554616255827,1.0,40,3,8,5,0.075,0.025836025774588198,0.19864233524310543,1.0,8,4,3,3,0.5,2023.0,0.0,8,6,2,0,0.09834448051948053,0.25011277056277054,0.25,0.75,23,27,25,23,29,16,23,0,-2
Rwanda,91,11,7,13,2011,2023,0.12087912087912088,0.06885508485107264,0.20361498406203435,0.875,35,5,7,5,0.14285714285714285,0.06260231079433715,0.29375554086595146,0.875,7,4,4,4,0.5714285714285714,2021.0,2.0,7,5,2,1,0.14303864151721293,0.5034903318903319,0.2857142857142857,0.7142857142857143,14,11,8,15,12,3,21,-1,-1
Sao Tome and Principe,66,5,6,13,2011,2023,0.07575757575757576,0.032792037562960244,0.1653919502061051,0.6346153846153846,26,3,6,5,0.11538461538461539,0.04003244623610615,0.2897590321171364,0.65,6,3,1,3,0.5,2023.0,0.0,5,3,1,0,0.06362135642135643,0.13368896103896105,0.2,0.6,28,20,35,30,19,36,26,-2,1
Senegal,99,7,8,13,2011,2023,0.0707070707070707,0.034670230283234696,0.13881485078510197,0.9519230769230769,40,0,8,5,0.0,0.0,0.08762160119728664,1.0,8,4,3,2,0.5,2014.0,9.0,8,3,2,0,0.08471543803418805,0.24045991230991254,0.25,0.375,25,41,29,31,41,19,23,-6,0
Seychelles,63,10,5,13,2011,2023,0.15873015873015872,0.08857092396514156,0.2681157678177255,0.6057692307692307,23,4,5,5,0.17391304347826086,0.06978653563062565,0.3713764764022614,0.575,5,4,3,4,0.8,2023.0,0.0,4,4,3,1,0.2338494144744145,0.39785676545676546,0.75,1.0,9,7,2,8,6,6,1,1,1
Sierra Leone,91,16,7,13,2011,2023,0.17582417582417584,0.11122529179441244,0.2666838975660704,0.875,35,7,7,5,0.2,0.10042446473798625,0.3589161306566562,0.875,7,6,5,4,0.8571428571428571,2023.0,0.0,7,4,4,0,0.13460147075147075,0.2914373015873017,0.5714285714285714,0.5714285714285714,7,4,12,7,5,11,5,0,-1
South Africa,60,2,5,13,2011,2023,0.03333333333333333,0.009189319256197877,0.113637742743086,0.5769230769230769,23,1,5,5,0.043478260869565216,0.007716666143453149,0.20991155070258877,0.575,5,2,0,1,0.4,2020.0,3.0,5,3,1,0,0.09934320124320123,0.22168737928737925,0.2,0.6,39,36,23,36,36,22,26,3,0
Tunisia,39,1,3,13,2011,2023,0.02564102564102564,0.004540703100990098,0.13180990169850076,0.375,15,1,3,5,0.06666666666666667,0.011866895493268553,0.2981652987378003,0.375,3,1,0,1,0.3333333333333333,2023.0,0.0,2,2,0,0,0.05755039682539682,0.06105396825396824,0.0,1.0,42,33,37,40,30,42,37,2,3
Uganda,89,21,7,13,2011,2023,0.23595505617977527,0.1598243870081069,0.3339362604762063,0.8557692307692307,34,11,7,5,0.3235294117647059,0.1913164356402551,0.49157105406091794,0.85,7,7,6,5,1.0,2023.0,0.0,7,7,5,1,0.19624200006342865,0.3181731435231435,0.7142857142857143,1.0,1,1,3,1,1,10,4,0,0
United Republic of Tanzania,91,9,7,13,2011,2023,0.0989010989010989,0.052908639819141776,0.1773857809150149,0.875,35,3,7,5,0.08571428571428572,0.02958236826696982,0.22379273965896496,0.875,7,5,3,3,0.7142857142857143,2023.0,0.0,7,6,3,0,0.10742925804354377,0.22355454545454548,0.42857142857142855,0.8571428571428571,19,24,19,19,24,21,9,0,0
Zambia,80,11,7,13,2011,2023,0.1375,0.07854714324339108,0.22967100066986607,0.7692307692307693,30,4,7,5,0.13333333333333333,0.053096554840547455,0.296813266820363,0.75,7,4,4,4,0.5714285714285714,2023.0,0.0,6,5,2,0,0.10251246901246902,0.1612453601953602,0.3333333333333333,0.8333333333333334,12,13,21,12,14,33,16,0,-1
Zimbabwe,91,14,7,13,2011,2023,0.15384615384615385,0.09391213405915474,0.24182140712237774,0.875,35,3,7,5,0.08571428571428572,0.02958236826696982,0.22379273965896496,0.875,7,5,4,5,0.7142857142857143,2022.0,1.0,7,5,4,0,0.12201770083324705,0.20013932178932176,0.5714285714285714,0.7142857142857143,8,24,13,9,24,27,5,-1,0
